{
	"maxGuess": 5,
	"averageGuess": 3.662037037037037,
	"guessSD": 0.54572710460663,
	"medianGuess": 4
}